INSERT IGNORE INTO category (category_id, name) VALUES (1, '어학');
INSERT IGNORE INTO category (category_id, name) VALUES (2, '뉴스');
INSERT IGNORE INTO category (category_id, name) VALUES (3, '공부법');
INSERT IGNORE INTO category (category_id, name) VALUES (4, 'IT·개발');
INSERT IGNORE INTO category (category_id, name) VALUES (5, '자기계발');
INSERT IGNORE INTO category (category_id, name) VALUES (6, '취업·이직');
INSERT IGNORE INTO category (category_id, name) VALUES (7, '비즈니스 인사이트');
INSERT IGNORE INTO category (category_id, name) VALUES (8, '생산성·툴');
INSERT IGNORE INTO category (category_id, name) VALUES (9, '라이프스타일');
INSERT IGNORE INTO category (category_id, name) VALUES (10, '심리·자기이해');
INSERT IGNORE INTO category (category_id, name) VALUES (11, '에세이·칼럼');
INSERT IGNORE INTO category (category_id, name) VALUES (12, '트렌드');
INSERT IGNORE INTO category (category_id, name) VALUES (13, '디자인·예술');
INSERT IGNORE INTO category (category_id, name) VALUES (14, '영상·뮤직');
INSERT IGNORE INTO category (category_id, name) VALUES (15, '맛집·여행');
INSERT IGNORE INTO category (category_id, name) VALUES (16, '기타');

INSERT IGNORE INTO folder (folder_id, category_id, folder_name, parent_folder_id, created_at, updated_at) VALUES (1, 1, '어학', NULL, NOW(), NOW());
INSERT IGNORE INTO folder (folder_id, category_id, folder_name, parent_folder_id, created_at, updated_at) VALUES (2, 2, '뉴스', NULL, NOW(), NOW());
INSERT IGNORE INTO folder (folder_id, category_id, folder_name, parent_folder_id, created_at, updated_at) VALUES (3, 3, '공부법', NULL, NOW(), NOW());
INSERT IGNORE INTO folder (folder_id, category_id, folder_name, parent_folder_id, created_at, updated_at) VALUES (4, 4, 'IT·개발', NULL, NOW(), NOW());
INSERT IGNORE INTO folder (folder_id, category_id, folder_name, parent_folder_id, created_at, updated_at) VALUES (5, 5, '자기계발', NULL, NOW(), NOW());
INSERT IGNORE INTO folder (folder_id, category_id, folder_name, parent_folder_id, created_at, updated_at) VALUES (6, 6, '취업·이직', NULL, NOW(), NOW());
INSERT IGNORE INTO folder (folder_id, category_id, folder_name, parent_folder_id, created_at, updated_at) VALUES (7, 7, '비즈니스 인사이트', NULL, NOW(), NOW());
INSERT IGNORE INTO folder (folder_id, category_id, folder_name, parent_folder_id, created_at, updated_at) VALUES (8, 8, '생산성·툴', NULL, NOW(), NOW());
INSERT IGNORE INTO folder (folder_id, category_id, folder_name, parent_folder_id, created_at, updated_at) VALUES (9, 9, '라이프스타일', NULL, NOW(), NOW());
INSERT IGNORE INTO folder (folder_id, category_id, folder_name, parent_folder_id, created_at, updated_at) VALUES (10, 10, '심리·자기이해', NULL, NOW(), NOW());
INSERT IGNORE INTO folder (folder_id, category_id, folder_name, parent_folder_id, created_at, updated_at) VALUES (11, 11, '에세이·칼럼', NULL, NOW(), NOW());
INSERT IGNORE INTO folder (folder_id, category_id, folder_name, parent_folder_id, created_at, updated_at) VALUES (12, 12, '트렌드', NULL, NOW(), NOW());
INSERT IGNORE INTO folder (folder_id, category_id, folder_name, parent_folder_id, created_at, updated_at) VALUES (13, 13, '디자인·예술', NULL, NOW(), NOW());
INSERT IGNORE INTO folder (folder_id, category_id, folder_name, parent_folder_id, created_at, updated_at) VALUES (14, 14, '영상·뮤직', NULL, NOW(), NOW());
INSERT IGNORE INTO folder (folder_id, category_id, folder_name, parent_folder_id, created_at, updated_at) VALUES (15, 15, '맛집·여행', NULL, NOW(), NOW());
INSERT IGNORE INTO folder (folder_id, category_id, folder_name, parent_folder_id, created_at, updated_at) VALUES (16, 16, '기타', NULL, NOW(), NOW());


INSERT IGNORE INTO emotion (emotion_id, name) VALUES (1, '즐거움');
INSERT IGNORE INTO emotion (emotion_id, name) VALUES (2, '평온');
INSERT IGNORE INTO emotion (emotion_id, name) VALUES (3, '설렘');
INSERT IGNORE INTO emotion (emotion_id, name) VALUES (4, '슬픔');
INSERT IGNORE INTO emotion (emotion_id, name) VALUES (5, '짜증');
INSERT IGNORE INTO emotion (emotion_id, name) VALUES (6, '분노');

INSERT IGNORE INTO domain (domain_id, name, domain_tail, image_url) VALUES (1, '네이버', 'naver.com', NULL);
INSERT IGNORE INTO domain (domain_id, name, domain_tail, image_url) VALUES (2, '네이버 블로그', 'blog.naver.com', NULL);
INSERT IGNORE INTO domain (domain_id, name, domain_tail, image_url) VALUES (3, '네이버 카페', 'cafe.naver.com', NULL);
INSERT IGNORE INTO domain (domain_id, name, domain_tail, image_url) VALUES (4, '네이버 지식인', 'kin.naver.com', NULL);
INSERT IGNORE INTO domain (domain_id, name, domain_tail, image_url) VALUES (5, '네이버 쇼핑', 'shopping.naver.com', NULL);
INSERT IGNORE INTO domain (domain_id, name, domain_tail, image_url) VALUES (6, '깃허브', 'github.com', NULL);
INSERT IGNORE INTO domain (domain_id, name, domain_tail, image_url) VALUES (7, '링크드인', 'linkedin.com', NULL);
INSERT IGNORE INTO domain (domain_id, name, domain_tail, image_url) VALUES (8, '티스토리', 'tistory.com', NULL);
INSERT IGNORE INTO domain (domain_id, name, domain_tail, image_url) VALUES (9, '구글', 'google.com', NULL);
INSERT IGNORE INTO domain (domain_id, name, domain_tail, image_url) VALUES (10, '뉴욕타임즈', 'nytimes.com', NULL);
INSERT IGNORE INTO domain (domain_id, name, domain_tail, image_url) VALUES (11, '브런치스토리', 'brunch.co.kr', NULL);
INSERT IGNORE INTO domain (domain_id, name, domain_tail, image_url) VALUES (12, '벨로그', 'velog.io', NULL);
INSERT IGNORE INTO domain (domain_id, name, domain_tail, image_url) VALUES (13, '다음', 'daum.net', NULL);
INSERT IGNORE INTO domain (domain_id, name, domain_tail, image_url) VALUES (14, '잡코리아', 'jobkorea.co.kr', NULL);
INSERT IGNORE INTO domain (domain_id, name, domain_tail, image_url) VALUES (15, '원티드', 'wanted.co.kr', NULL);
INSERT IGNORE INTO domain (domain_id, name, domain_tail, image_url) VALUES (16, '무신사', 'musinsa.com', NULL);
INSERT IGNORE INTO domain (domain_id, name, domain_tail, image_url) VALUES (17, '11번가', '11st.co.kr', NULL);
INSERT IGNORE INTO domain (domain_id, name, domain_tail, image_url) VALUES (18, '인스타그램', 'instagram.com', NULL);
INSERT IGNORE INTO domain (domain_id, name, domain_tail, image_url) VALUES (19, '트위터 (X)', 'twitter.com', NULL);
INSERT IGNORE INTO domain (domain_id, name, domain_tail, image_url) VALUES (20, '페이스북', 'facebook.com', NULL);
INSERT IGNORE INTO domain (domain_id, name, domain_tail, image_url) VALUES (21, '기타', 'invalid', NULL);
